id,why_correct,why_others_wrong,cites
BAR-MCQ-BUSI-0001,ASC 805-30-30-1: Goodwill = Consideration transferred - FV of identifiable net assets acquired. Book value is irrelevant.,${price - bv}; 0,"ASC 805-30-30-1, ASC 805-20-30-1"
BAR-MCQ-BUSI-0002,ASC 805-30-30-1: Goodwill = Consideration transferred - FV of identifiable net assets acquired. Book value is irrelevant.,${price - bv}; $10000000,"ASC 805-30-30-1, ASC 805-20-30-1"
BAR-MCQ-BUSI-0003,ASC 805-30-30-1: Goodwill = Consideration transferred - FV of identifiable net assets acquired. Book value is irrelevant.,$25000000; ${price - bv},"ASC 805-30-30-1, ASC 805-20-30-1"
BAR-MCQ-BUSI-0004,ASC 805-30-30-1: Goodwill = Consideration transferred - FV of identifiable net assets acquired. Book value is irrelevant.,${price - bv}; 0,"ASC 805-30-30-1, ASC 805-20-30-1"
BAR-MCQ-BUSI-0005,ASC 805-30-30-1: Goodwill = Consideration transferred - FV of identifiable net assets acquired. Book value is irrelevant.,$10000000; 0,"ASC 805-30-30-1, ASC 805-20-30-1"
BAR-MCQ-BUSI-0006,ASC 805-30-30-1: Goodwill = Consideration transferred - FV of identifiable net assets acquired. Book value is irrelevant.,${price - bv}; $25000000,"ASC 805-30-30-1, ASC 805-20-30-1"
BAR-MCQ-BUSI-0007,ASC 805-30-30-1: Goodwill = Consideration transferred - FV of identifiable net assets acquired. Book value is irrelevant.,$10000000; ${price - bv},"ASC 805-30-30-1, ASC 805-20-30-1"
BAR-MCQ-BUSI-0008,ASC 805-30-30-1: Goodwill = Consideration transferred - FV of identifiable net assets acquired. Book value is irrelevant.,0; ${price - bv},"ASC 805-30-30-1, ASC 805-20-30-1"
BAR-MCQ-BUSI-0009,ASC 805-30-30-1: Goodwill = Consideration transferred - FV of identifiable net assets acquired. Book value is irrelevant.,0; ${price - bv},"ASC 805-30-30-1, ASC 805-20-30-1"
BAR-MCQ-BUSI-0010,ASC 805-30-30-1: Goodwill = Consideration transferred - FV of identifiable net assets acquired. Book value is irrelevant.,$25000000; ${price - bv},"ASC 805-30-30-1, ASC 805-20-30-1"
BAR-MCQ-BUSI-0011,ASC 805-30-30-1: Goodwill = Consideration transferred - FV of identifiable net assets acquired. Book value is irrelevant.,0; $5000000,"ASC 805-30-30-1, ASC 805-20-30-1"
BAR-MCQ-BUSI-0012,ASC 805-30-30-1: Goodwill = Consideration transferred - FV of identifiable net assets acquired. Book value is irrelevant.,0; ${price - bv},"ASC 805-30-30-1, ASC 805-20-30-1"
BAR-MCQ-BUSI-0013,ASC 805-30-30-1: Goodwill = Consideration transferred - FV of identifiable net assets acquired. Book value is irrelevant.,0; $5000000,"ASC 805-30-30-1, ASC 805-20-30-1"
BAR-MCQ-BUSI-0014,ASC 805-30-30-1: Goodwill = Consideration transferred - FV of identifiable net assets acquired. Book value is irrelevant.,${price - bv}; 0,"ASC 805-30-30-1, ASC 805-20-30-1"
BAR-MCQ-BUSI-0015,ASC 805-30-30-1: Goodwill = Consideration transferred - FV of identifiable net assets acquired. Book value is irrelevant.,0; $10000000,"ASC 805-30-30-1, ASC 805-20-30-1"
BAR-MCQ-BUSI-0016,ASC 805-30-30-1: Goodwill = Consideration transferred - FV of identifiable net assets acquired. Book value is irrelevant.,$10000000; 0,"ASC 805-30-30-1, ASC 805-20-30-1"
BAR-MCQ-BUSI-0017,ASC 805-30-30-1: Goodwill = Consideration transferred - FV of identifiable net assets acquired. Book value is irrelevant.,${price - bv}; 0,"ASC 805-30-30-1, ASC 805-20-30-1"
BAR-MCQ-BUSI-0018,ASC 805-30-30-1: Goodwill = Consideration transferred - FV of identifiable net assets acquired. Book value is irrelevant.,${price - bv}; 0,"ASC 805-30-30-1, ASC 805-20-30-1"
BAR-MCQ-BUSI-0019,ASC 805-30-30-1: Goodwill = Consideration transferred - FV of identifiable net assets acquired. Book value is irrelevant.,0; $10000000,"ASC 805-30-30-1, ASC 805-20-30-1"
BAR-MCQ-BUSI-0020,ASC 805-30-30-1: Goodwill = Consideration transferred - FV of identifiable net assets acquired. Book value is irrelevant.,0; ${price - bv},"ASC 805-30-30-1, ASC 805-20-30-1"
BAR-MCQ-BUSI-0021,ASC 805-30-30-1: Goodwill = Consideration transferred - FV of identifiable net assets acquired. Book value is irrelevant.,${price - bv}; 0,"ASC 805-30-30-1, ASC 805-20-30-1"
BAR-MCQ-BUSI-0022,ASC 805-30-30-1: Goodwill = Consideration transferred - FV of identifiable net assets acquired. Book value is irrelevant.,0; ${price - bv},"ASC 805-30-30-1, ASC 805-20-30-1"
BAR-MCQ-BUSI-0023,ASC 805-30-30-1: Goodwill = Consideration transferred - FV of identifiable net assets acquired. Book value is irrelevant.,0; $25000000,"ASC 805-30-30-1, ASC 805-20-30-1"
BAR-MCQ-BUSI-0024,ASC 805-30-30-1: Goodwill = Consideration transferred - FV of identifiable net assets acquired. Book value is irrelevant.,${price - bv}; $25000000,"ASC 805-30-30-1, ASC 805-20-30-1"
BAR-MCQ-BUSI-0025,ASC 805-30-30-1: Goodwill = Consideration transferred - FV of identifiable net assets acquired. Book value is irrelevant.,0; ${price - bv},"ASC 805-30-30-1, ASC 805-20-30-1"
BAR-MCQ-BUSI-0026,ASC 805-30-30-1: Goodwill = Consideration transferred - FV of identifiable net assets acquired. Book value is irrelevant.,$5000000; ${price - bv},"ASC 805-30-30-1, ASC 805-20-30-1"
BAR-MCQ-BUSI-0027,ASC 805-30-30-1: Goodwill = Consideration transferred - FV of identifiable net assets acquired. Book value is irrelevant.,${price - bv}; 0,"ASC 805-30-30-1, ASC 805-20-30-1"
BAR-MCQ-BUSI-0028,ASC 805-30-30-1: Goodwill = Consideration transferred - FV of identifiable net assets acquired. Book value is irrelevant.,$10000000; ${price - bv},"ASC 805-30-30-1, ASC 805-20-30-1"
BAR-MCQ-BUSI-0029,ASC 805-30-30-1: Goodwill = Consideration transferred - FV of identifiable net assets acquired. Book value is irrelevant.,${price - bv}; $25000000,"ASC 805-30-30-1, ASC 805-20-30-1"
BAR-MCQ-BUSI-0030,ASC 805-30-30-1: Goodwill = Consideration transferred - FV of identifiable net assets acquired. Book value is irrelevant.,${price - bv}; 0,"ASC 805-30-30-1, ASC 805-20-30-1"
BAR-MCQ-BUSI-0031,ASC 805-30-30-1: Goodwill = Consideration transferred - FV of identifiable net assets acquired. Book value is irrelevant.,${price - bv}; 0,"ASC 805-30-30-1, ASC 805-20-30-1"
BAR-MCQ-BUSI-0032,ASC 805-30-30-1: Goodwill = Consideration transferred - FV of identifiable net assets acquired. Book value is irrelevant.,0; $25000000,"ASC 805-30-30-1, ASC 805-20-30-1"
BAR-MCQ-BUSI-0033,ASC 805-30-30-1: Goodwill = Consideration transferred - FV of identifiable net assets acquired. Book value is irrelevant.,$10000000; ${price - bv},"ASC 805-30-30-1, ASC 805-20-30-1"
BAR-MCQ-BUSI-0034,ASC 805-30-30-1: Goodwill = Consideration transferred - FV of identifiable net assets acquired. Book value is irrelevant.,$25000000; ${price - bv},"ASC 805-30-30-1, ASC 805-20-30-1"
BAR-MCQ-BUSI-0035,ASC 805-30-30-1: Goodwill = Consideration transferred - FV of identifiable net assets acquired. Book value is irrelevant.,$25000000; 0,"ASC 805-30-30-1, ASC 805-20-30-1"
BAR-MCQ-BUSI-0036,ASC 805-30-30-1: Goodwill = Consideration transferred - FV of identifiable net assets acquired. Book value is irrelevant.,$10000000; ${price - bv},"ASC 805-30-30-1, ASC 805-20-30-1"
BAR-MCQ-BUSI-0037,ASC 805-30-30-1: Goodwill = Consideration transferred - FV of identifiable net assets acquired. Book value is irrelevant.,$25000000; ${price - bv},"ASC 805-30-30-1, ASC 805-20-30-1"
BAR-MCQ-BUSI-0038,ASC 805-30-30-1: Goodwill = Consideration transferred - FV of identifiable net assets acquired. Book value is irrelevant.,0; $25000000,"ASC 805-30-30-1, ASC 805-20-30-1"
BAR-MCQ-BUSI-0039,ASC 805-30-30-1: Goodwill = Consideration transferred - FV of identifiable net assets acquired. Book value is irrelevant.,$5000000; 0,"ASC 805-30-30-1, ASC 805-20-30-1"
BAR-MCQ-BUSI-0040,ASC 805-30-30-1: Goodwill = Consideration transferred - FV of identifiable net assets acquired. Book value is irrelevant.,0; $25000000,"ASC 805-30-30-1, ASC 805-20-30-1"
BAR-MCQ-BUSI-0041,ASC 805-30-30-1: Goodwill = Consideration transferred - FV of identifiable net assets acquired. Book value is irrelevant.,0; $25000000,"ASC 805-30-30-1, ASC 805-20-30-1"
BAR-MCQ-BUSI-0042,ASC 805-30-30-1: Goodwill = Consideration transferred - FV of identifiable net assets acquired. Book value is irrelevant.,0; $5000000,"ASC 805-30-30-1, ASC 805-20-30-1"
BAR-MCQ-BUSI-0043,ASC 805-30-30-1: Goodwill = Consideration transferred - FV of identifiable net assets acquired. Book value is irrelevant.,${price - bv}; $25000000,"ASC 805-30-30-1, ASC 805-20-30-1"
BAR-MCQ-BUSI-0044,ASC 805-30-30-1: Goodwill = Consideration transferred - FV of identifiable net assets acquired. Book value is irrelevant.,${price - bv}; 0,"ASC 805-30-30-1, ASC 805-20-30-1"
BAR-MCQ-BUSI-0045,ASC 805-30-30-1: Goodwill = Consideration transferred - FV of identifiable net assets acquired. Book value is irrelevant.,${price - bv}; $10000000,"ASC 805-30-30-1, ASC 805-20-30-1"
BAR-MCQ-BUSI-0046,ASC 805-30-30-1: Goodwill = Consideration transferred - FV of identifiable net assets acquired. Book value is irrelevant.,0; ${price - bv},"ASC 805-30-30-1, ASC 805-20-30-1"
BAR-MCQ-BUSI-0047,ASC 805-30-30-1: Goodwill = Consideration transferred - FV of identifiable net assets acquired. Book value is irrelevant.,0; ${price - bv},"ASC 805-30-30-1, ASC 805-20-30-1"
BAR-MCQ-BUSI-0048,ASC 805-30-30-1: Goodwill = Consideration transferred - FV of identifiable net assets acquired. Book value is irrelevant.,$25000000; ${price - bv},"ASC 805-30-30-1, ASC 805-20-30-1"
BAR-MCQ-BUSI-0049,ASC 805-30-30-1: Goodwill = Consideration transferred - FV of identifiable net assets acquired. Book value is irrelevant.,0; ${price - bv},"ASC 805-30-30-1, ASC 805-20-30-1"
BAR-MCQ-BUSI-0050,ASC 805-30-30-1: Goodwill = Consideration transferred - FV of identifiable net assets acquired. Book value is irrelevant.,${price - bv}; 0,"ASC 805-30-30-1, ASC 805-20-30-1"
BAR-MCQ-BUSI-0051,ASC 805-30-30-1: Goodwill = Consideration transferred - FV of identifiable net assets acquired. Book value is irrelevant.,${price - bv}; 0,"ASC 805-30-30-1, ASC 805-20-30-1"
BAR-MCQ-BUSI-0052,ASC 805-30-30-1: Goodwill = Consideration transferred - FV of identifiable net assets acquired. Book value is irrelevant.,$5000000; ${price - bv},"ASC 805-30-30-1, ASC 805-20-30-1"
BAR-MCQ-BUSI-0053,ASC 805-30-30-1: Goodwill = Consideration transferred - FV of identifiable net assets acquired. Book value is irrelevant.,0; ${price - bv},"ASC 805-30-30-1, ASC 805-20-30-1"
BAR-MCQ-BUSI-0054,ASC 805-30-30-1: Goodwill = Consideration transferred - FV of identifiable net assets acquired. Book value is irrelevant.,0; $5000000,"ASC 805-30-30-1, ASC 805-20-30-1"
BAR-MCQ-BUSI-0055,ASC 805-30-30-1: Goodwill = Consideration transferred - FV of identifiable net assets acquired. Book value is irrelevant.,$25000000; ${price - bv},"ASC 805-30-30-1, ASC 805-20-30-1"
BAR-MCQ-BUSI-0056,ASC 805-30-30-1: Goodwill = Consideration transferred - FV of identifiable net assets acquired. Book value is irrelevant.,0; $25000000,"ASC 805-30-30-1, ASC 805-20-30-1"
BAR-MCQ-BUSI-0057,ASC 805-30-30-1: Goodwill = Consideration transferred - FV of identifiable net assets acquired. Book value is irrelevant.,0; ${price - bv},"ASC 805-30-30-1, ASC 805-20-30-1"
BAR-MCQ-BUSI-0058,ASC 805-30-30-1: Goodwill = Consideration transferred - FV of identifiable net assets acquired. Book value is irrelevant.,${price - bv}; 0,"ASC 805-30-30-1, ASC 805-20-30-1"
BAR-MCQ-BUSI-0059,ASC 805-30-30-1: Goodwill = Consideration transferred - FV of identifiable net assets acquired. Book value is irrelevant.,0; ${price - bv},"ASC 805-30-30-1, ASC 805-20-30-1"
BAR-MCQ-BUSI-0060,ASC 805-30-30-1: Goodwill = Consideration transferred - FV of identifiable net assets acquired. Book value is irrelevant.,$25000000; 0,"ASC 805-30-30-1, ASC 805-20-30-1"
BAR-MCQ-BUSI-0061,ASC 805-30-30-1: Goodwill = Consideration transferred - FV of identifiable net assets acquired. Book value is irrelevant.,${price - bv}; $10000000,"ASC 805-30-30-1, ASC 805-20-30-1"
BAR-MCQ-BUSI-0062,ASC 805-30-30-1: Goodwill = Consideration transferred - FV of identifiable net assets acquired. Book value is irrelevant.,0; ${price - bv},"ASC 805-30-30-1, ASC 805-20-30-1"
BAR-MCQ-BUSI-0063,ASC 805-30-30-1: Goodwill = Consideration transferred - FV of identifiable net assets acquired. Book value is irrelevant.,$5000000; ${price - bv},"ASC 805-30-30-1, ASC 805-20-30-1"
BAR-MCQ-BUSI-0064,ASC 805-30-30-1: Goodwill = Consideration transferred - FV of identifiable net assets acquired. Book value is irrelevant.,$10000000; ${price - bv},"ASC 805-30-30-1, ASC 805-20-30-1"
BAR-MCQ-BUSI-0065,ASC 805-30-30-1: Goodwill = Consideration transferred - FV of identifiable net assets acquired. Book value is irrelevant.,${price - bv}; $25000000,"ASC 805-30-30-1, ASC 805-20-30-1"
BAR-MCQ-BUSI-0066,ASC 805-30-30-1: Goodwill = Consideration transferred - FV of identifiable net assets acquired. Book value is irrelevant.,$5000000; 0,"ASC 805-30-30-1, ASC 805-20-30-1"
BAR-MCQ-BUSI-0067,ASC 805-30-30-1: Goodwill = Consideration transferred - FV of identifiable net assets acquired. Book value is irrelevant.,${price - bv}; $10000000,"ASC 805-30-30-1, ASC 805-20-30-1"
BAR-MCQ-BUSI-0068,ASC 805-30-30-1: Goodwill = Consideration transferred - FV of identifiable net assets acquired. Book value is irrelevant.,$10000000; ${price - bv},"ASC 805-30-30-1, ASC 805-20-30-1"
BAR-MCQ-BUSI-0069,ASC 805-30-30-1: Goodwill = Consideration transferred - FV of identifiable net assets acquired. Book value is irrelevant.,${price - bv}; 0,"ASC 805-30-30-1, ASC 805-20-30-1"
BAR-MCQ-BUSI-0070,ASC 805-30-30-1: Goodwill = Consideration transferred - FV of identifiable net assets acquired. Book value is irrelevant.,${price - bv}; 0,"ASC 805-30-30-1, ASC 805-20-30-1"
BAR-MCQ-BUSI-0071,ASC 805-30-30-1: Goodwill = Consideration transferred - FV of identifiable net assets acquired. Book value is irrelevant.,${price - bv}; 0,"ASC 805-30-30-1, ASC 805-20-30-1"
BAR-MCQ-BUSI-0072,ASC 805-30-30-1: Goodwill = Consideration transferred - FV of identifiable net assets acquired. Book value is irrelevant.,0; $25000000,"ASC 805-30-30-1, ASC 805-20-30-1"
BAR-MCQ-BUSI-0073,ASC 805-30-30-1: Goodwill = Consideration transferred - FV of identifiable net assets acquired. Book value is irrelevant.,${price - bv}; $25000000,"ASC 805-30-30-1, ASC 805-20-30-1"
BAR-MCQ-BUSI-0074,ASC 805-30-30-1: Goodwill = Consideration transferred - FV of identifiable net assets acquired. Book value is irrelevant.,${price - bv}; 0,"ASC 805-30-30-1, ASC 805-20-30-1"
BAR-MCQ-BUSI-0075,ASC 805-30-30-1: Goodwill = Consideration transferred - FV of identifiable net assets acquired. Book value is irrelevant.,${price - bv}; 0,"ASC 805-30-30-1, ASC 805-20-30-1"
BAR-MCQ-BUSI-0076,ASC 805-30-30-1: Goodwill = Consideration transferred - FV of identifiable net assets acquired. Book value is irrelevant.,0; ${price - bv},"ASC 805-30-30-1, ASC 805-20-30-1"
BAR-MCQ-BUSI-0077,ASC 805-30-30-1: Goodwill = Consideration transferred - FV of identifiable net assets acquired. Book value is irrelevant.,0; $10000000,"ASC 805-30-30-1, ASC 805-20-30-1"
BAR-MCQ-BUSI-0078,ASC 805-30-30-1: Goodwill = Consideration transferred - FV of identifiable net assets acquired. Book value is irrelevant.,$25000000; ${price - bv},"ASC 805-30-30-1, ASC 805-20-30-1"
BAR-MCQ-BUSI-0079,ASC 805-30-30-1: Goodwill = Consideration transferred - FV of identifiable net assets acquired. Book value is irrelevant.,0; ${price - bv},"ASC 805-30-30-1, ASC 805-20-30-1"
BAR-MCQ-BUSI-0080,ASC 805-30-30-1: Goodwill = Consideration transferred - FV of identifiable net assets acquired. Book value is irrelevant.,0; $10000000,"ASC 805-30-30-1, ASC 805-20-30-1"
BAR-MCQ-BUSI-0081,ASC 805-30-30-1: Goodwill = Consideration transferred - FV of identifiable net assets acquired. Book value is irrelevant.,0; ${price - bv},"ASC 805-30-30-1, ASC 805-20-30-1"
BAR-MCQ-BUSI-0082,ASC 805-30-30-1: Goodwill = Consideration transferred - FV of identifiable net assets acquired. Book value is irrelevant.,$5000000; 0,"ASC 805-30-30-1, ASC 805-20-30-1"
BAR-MCQ-BUSI-0083,ASC 805-30-30-1: Goodwill = Consideration transferred - FV of identifiable net assets acquired. Book value is irrelevant.,$5000000; 0,"ASC 805-30-30-1, ASC 805-20-30-1"
BAR-MCQ-BUSI-0084,ASC 805-30-30-1: Goodwill = Consideration transferred - FV of identifiable net assets acquired. Book value is irrelevant.,$5000000; 0,"ASC 805-30-30-1, ASC 805-20-30-1"
BAR-MCQ-BUSI-0085,ASC 805-30-30-1: Goodwill = Consideration transferred - FV of identifiable net assets acquired. Book value is irrelevant.,${price - bv}; $5000000,"ASC 805-30-30-1, ASC 805-20-30-1"
BAR-MCQ-BUSI-0086,ASC 805-30-30-1: Goodwill = Consideration transferred - FV of identifiable net assets acquired. Book value is irrelevant.,${price - bv}; 0,"ASC 805-30-30-1, ASC 805-20-30-1"
BAR-MCQ-BUSI-0087,ASC 805-30-30-1: Goodwill = Consideration transferred - FV of identifiable net assets acquired. Book value is irrelevant.,${price - bv}; $5000000,"ASC 805-30-30-1, ASC 805-20-30-1"
BAR-MCQ-BUSI-0088,ASC 805-30-30-1: Goodwill = Consideration transferred - FV of identifiable net assets acquired. Book value is irrelevant.,$5000000; ${price - bv},"ASC 805-30-30-1, ASC 805-20-30-1"
BAR-MCQ-BUSI-0089,ASC 805-30-30-1: Goodwill = Consideration transferred - FV of identifiable net assets acquired. Book value is irrelevant.,$5000000; ${price - bv},"ASC 805-30-30-1, ASC 805-20-30-1"
BAR-MCQ-BUSI-0090,ASC 805-30-30-1: Goodwill = Consideration transferred - FV of identifiable net assets acquired. Book value is irrelevant.,$10000000; 0,"ASC 805-30-30-1, ASC 805-20-30-1"
BAR-MCQ-BUSI-0091,ASC 805-30-30-1: Goodwill = Consideration transferred - FV of identifiable net assets acquired. Book value is irrelevant.,0; ${price - bv},"ASC 805-30-30-1, ASC 805-20-30-1"
BAR-MCQ-BUSI-0092,ASC 805-30-30-1: Goodwill = Consideration transferred - FV of identifiable net assets acquired. Book value is irrelevant.,0; ${price - bv},"ASC 805-30-30-1, ASC 805-20-30-1"
BAR-MCQ-BUSI-0093,ASC 805-30-30-1: Goodwill = Consideration transferred - FV of identifiable net assets acquired. Book value is irrelevant.,0; ${price - bv},"ASC 805-30-30-1, ASC 805-20-30-1"
BAR-MCQ-BUSI-0094,ASC 805-30-30-1: Goodwill = Consideration transferred - FV of identifiable net assets acquired. Book value is irrelevant.,0; $25000000,"ASC 805-30-30-1, ASC 805-20-30-1"
BAR-MCQ-BUSI-0095,ASC 805-30-30-1: Goodwill = Consideration transferred - FV of identifiable net assets acquired. Book value is irrelevant.,0; ${price - bv},"ASC 805-30-30-1, ASC 805-20-30-1"
BAR-MCQ-BUSI-0096,ASC 805-30-30-1: Goodwill = Consideration transferred - FV of identifiable net assets acquired. Book value is irrelevant.,0; $5000000,"ASC 805-30-30-1, ASC 805-20-30-1"
BAR-MCQ-BUSI-0097,ASC 805-30-30-1: Goodwill = Consideration transferred - FV of identifiable net assets acquired. Book value is irrelevant.,0; ${price - bv},"ASC 805-30-30-1, ASC 805-20-30-1"
BAR-MCQ-BUSI-0098,ASC 805-30-30-1: Goodwill = Consideration transferred - FV of identifiable net assets acquired. Book value is irrelevant.,0; $5000000,"ASC 805-30-30-1, ASC 805-20-30-1"
BAR-MCQ-BUSI-0099,ASC 805-30-30-1: Goodwill = Consideration transferred - FV of identifiable net assets acquired. Book value is irrelevant.,${price - bv}; $5000000,"ASC 805-30-30-1, ASC 805-20-30-1"
BAR-MCQ-BUSI-0100,ASC 805-30-30-1: Goodwill = Consideration transferred - FV of identifiable net assets acquired. Book value is irrelevant.,${price - bv}; $5000000,"ASC 805-30-30-1, ASC 805-20-30-1"
BAR-MCQ-BUSI-0101,ASC 805-30-30-1: Goodwill = Consideration transferred - FV of identifiable net assets acquired. Book value is irrelevant.,0; $25000000,"ASC 805-30-30-1, ASC 805-20-30-1"
BAR-MCQ-BUSI-0102,ASC 805-30-30-1: Goodwill = Consideration transferred - FV of identifiable net assets acquired. Book value is irrelevant.,$5000000; ${price - bv},"ASC 805-30-30-1, ASC 805-20-30-1"
BAR-MCQ-BUSI-0103,ASC 805-30-30-1: Goodwill = Consideration transferred - FV of identifiable net assets acquired. Book value is irrelevant.,0; $5000000,"ASC 805-30-30-1, ASC 805-20-30-1"
BAR-MCQ-BUSI-0104,ASC 805-30-30-1: Goodwill = Consideration transferred - FV of identifiable net assets acquired. Book value is irrelevant.,0; $10000000,"ASC 805-30-30-1, ASC 805-20-30-1"
BAR-MCQ-BUSI-0105,ASC 805-30-30-1: Goodwill = Consideration transferred - FV of identifiable net assets acquired. Book value is irrelevant.,$5000000; ${price - bv},"ASC 805-30-30-1, ASC 805-20-30-1"
BAR-MCQ-BUSI-0106,ASC 805-30-30-1: Goodwill = Consideration transferred - FV of identifiable net assets acquired. Book value is irrelevant.,${price - bv}; 0,"ASC 805-30-30-1, ASC 805-20-30-1"
BAR-MCQ-BUSI-0107,ASC 805-30-30-1: Goodwill = Consideration transferred - FV of identifiable net assets acquired. Book value is irrelevant.,0; ${price - bv},"ASC 805-30-30-1, ASC 805-20-30-1"
BAR-MCQ-BUSI-0108,ASC 805-30-30-1: Goodwill = Consideration transferred - FV of identifiable net assets acquired. Book value is irrelevant.,$25000000; 0,"ASC 805-30-30-1, ASC 805-20-30-1"
BAR-MCQ-BUSI-0109,ASC 805-30-30-1: Goodwill = Consideration transferred - FV of identifiable net assets acquired. Book value is irrelevant.,0; ${price - bv},"ASC 805-30-30-1, ASC 805-20-30-1"
BAR-MCQ-BUSI-0110,ASC 805-30-30-1: Goodwill = Consideration transferred - FV of identifiable net assets acquired. Book value is irrelevant.,$10000000; 0,"ASC 805-30-30-1, ASC 805-20-30-1"
BAR-MCQ-BUSI-0111,ASC 805-30-30-1: Goodwill = Consideration transferred - FV of identifiable net assets acquired. Book value is irrelevant.,${price - bv}; $25000000,"ASC 805-30-30-1, ASC 805-20-30-1"
BAR-MCQ-BUSI-0112,ASC 805-30-30-1: Goodwill = Consideration transferred - FV of identifiable net assets acquired. Book value is irrelevant.,$5000000; ${price - bv},"ASC 805-30-30-1, ASC 805-20-30-1"
BAR-MCQ-BUSI-0113,ASC 805-30-30-1: Goodwill = Consideration transferred - FV of identifiable net assets acquired. Book value is irrelevant.,${price - bv}; $10000000,"ASC 805-30-30-1, ASC 805-20-30-1"
BAR-MCQ-BUSI-0114,ASC 805-30-30-1: Goodwill = Consideration transferred - FV of identifiable net assets acquired. Book value is irrelevant.,$25000000; 0,"ASC 805-30-30-1, ASC 805-20-30-1"
BAR-MCQ-BUSI-0115,ASC 805-30-30-1: Goodwill = Consideration transferred - FV of identifiable net assets acquired. Book value is irrelevant.,${price - bv}; $25000000,"ASC 805-30-30-1, ASC 805-20-30-1"
BAR-MCQ-BUSI-0116,ASC 805-30-30-1: Goodwill = Consideration transferred - FV of identifiable net assets acquired. Book value is irrelevant.,${price - bv}; 0,"ASC 805-30-30-1, ASC 805-20-30-1"
BAR-MCQ-FORE-0117,"ASC 830-30: When foreign currency is functional currency, use translation (current rate method). Monetary & nonmonetary assets at current rate.",No translation - functional currency = reporting currency; Translation - use average rate for all assets,"ASC 830-30-45-3, ASC 830-30-45-9"
BAR-MCQ-FORE-0118,"ASC 830-30: When foreign currency is functional currency, use translation (current rate method). Monetary & nonmonetary assets at current rate.",Translation - use average rate for all assets; Remeasurement - use temporal method,"ASC 830-30-45-3, ASC 830-30-45-9"
BAR-MCQ-FORE-0119,"ASC 830-30: When foreign currency is functional currency, use translation (current rate method). Monetary & nonmonetary assets at current rate.",No translation - functional currency = reporting currency; Translation - use average rate for all assets,"ASC 830-30-45-3, ASC 830-30-45-9"
BAR-MCQ-FORE-0120,"ASC 830-30: When foreign currency is functional currency, use translation (current rate method). Monetary & nonmonetary assets at current rate.",Remeasurement - use temporal method; Translation - use average rate for all assets,"ASC 830-30-45-3, ASC 830-30-45-9"
BAR-MCQ-FORE-0121,"ASC 830-30: When foreign currency is functional currency, use translation (current rate method). Monetary & nonmonetary assets at current rate.",Remeasurement - use temporal method; No translation - functional currency = reporting currency,"ASC 830-30-45-3, ASC 830-30-45-9"
BAR-MCQ-FORE-0122,"ASC 830-30: When foreign currency is functional currency, use translation (current rate method). Monetary & nonmonetary assets at current rate.",Remeasurement - use temporal method; Translation - use average rate for all assets,"ASC 830-30-45-3, ASC 830-30-45-9"
BAR-MCQ-FORE-0123,"ASC 830-30: When foreign currency is functional currency, use translation (current rate method). Monetary & nonmonetary assets at current rate.",Translation - use average rate for all assets; No translation - functional currency = reporting currency,"ASC 830-30-45-3, ASC 830-30-45-9"
BAR-MCQ-FORE-0124,"ASC 830-30: When foreign currency is functional currency, use translation (current rate method). Monetary & nonmonetary assets at current rate.",Translation - use average rate for all assets; Remeasurement - use temporal method,"ASC 830-30-45-3, ASC 830-30-45-9"
BAR-MCQ-FORE-0125,"ASC 830-30: When foreign currency is functional currency, use translation (current rate method). Monetary & nonmonetary assets at current rate.",No translation - functional currency = reporting currency; Remeasurement - use temporal method,"ASC 830-30-45-3, ASC 830-30-45-9"
BAR-MCQ-FORE-0126,"ASC 830-30: When foreign currency is functional currency, use translation (current rate method). Monetary & nonmonetary assets at current rate.",Translation - use average rate for all assets; Remeasurement - use temporal method,"ASC 830-30-45-3, ASC 830-30-45-9"
BAR-MCQ-FORE-0127,"ASC 830-30: When foreign currency is functional currency, use translation (current rate method). Monetary & nonmonetary assets at current rate.",Translation - use average rate for all assets; Remeasurement - use temporal method,"ASC 830-30-45-3, ASC 830-30-45-9"
BAR-MCQ-FORE-0128,"ASC 830-30: When foreign currency is functional currency, use translation (current rate method). Monetary & nonmonetary assets at current rate.",Remeasurement - use temporal method; No translation - functional currency = reporting currency,"ASC 830-30-45-3, ASC 830-30-45-9"
BAR-MCQ-FORE-0129,"ASC 830-30: When foreign currency is functional currency, use translation (current rate method). Monetary & nonmonetary assets at current rate.",No translation - functional currency = reporting currency; Remeasurement - use temporal method,"ASC 830-30-45-3, ASC 830-30-45-9"
BAR-MCQ-FORE-0130,"ASC 830-30: When foreign currency is functional currency, use translation (current rate method). Monetary & nonmonetary assets at current rate.",No translation - functional currency = reporting currency; Translation - use average rate for all assets,"ASC 830-30-45-3, ASC 830-30-45-9"
BAR-MCQ-FORE-0131,"ASC 830-30: When foreign currency is functional currency, use translation (current rate method). Monetary & nonmonetary assets at current rate.",No translation - functional currency = reporting currency; Translation - use average rate for all assets,"ASC 830-30-45-3, ASC 830-30-45-9"
BAR-MCQ-FORE-0132,"ASC 830-30: When foreign currency is functional currency, use translation (current rate method). Monetary & nonmonetary assets at current rate.",Remeasurement - use temporal method; No translation - functional currency = reporting currency,"ASC 830-30-45-3, ASC 830-30-45-9"
BAR-MCQ-FORE-0133,"ASC 830-30: When foreign currency is functional currency, use translation (current rate method). Monetary & nonmonetary assets at current rate.",Remeasurement - use temporal method; No translation - functional currency = reporting currency,"ASC 830-30-45-3, ASC 830-30-45-9"
BAR-MCQ-FORE-0134,"ASC 830-30: When foreign currency is functional currency, use translation (current rate method). Monetary & nonmonetary assets at current rate.",Translation - use average rate for all assets; No translation - functional currency = reporting currency,"ASC 830-30-45-3, ASC 830-30-45-9"
BAR-MCQ-FORE-0135,"ASC 830-30: When foreign currency is functional currency, use translation (current rate method). Monetary & nonmonetary assets at current rate.",Translation - use average rate for all assets; Remeasurement - use temporal method,"ASC 830-30-45-3, ASC 830-30-45-9"
BAR-MCQ-FORE-0136,"ASC 830-30: When foreign currency is functional currency, use translation (current rate method). Monetary & nonmonetary assets at current rate.",No translation - functional currency = reporting currency; Translation - use average rate for all assets,"ASC 830-30-45-3, ASC 830-30-45-9"
BAR-MCQ-FORE-0137,"ASC 830-30: When foreign currency is functional currency, use translation (current rate method). Monetary & nonmonetary assets at current rate.",Remeasurement - use temporal method; Translation - use average rate for all assets,"ASC 830-30-45-3, ASC 830-30-45-9"
BAR-MCQ-FORE-0138,"ASC 830-30: When foreign currency is functional currency, use translation (current rate method). Monetary & nonmonetary assets at current rate.",No translation - functional currency = reporting currency; Translation - use average rate for all assets,"ASC 830-30-45-3, ASC 830-30-45-9"
BAR-MCQ-FORE-0139,"ASC 830-30: When foreign currency is functional currency, use translation (current rate method). Monetary & nonmonetary assets at current rate.",No translation - functional currency = reporting currency; Remeasurement - use temporal method,"ASC 830-30-45-3, ASC 830-30-45-9"
BAR-MCQ-FORE-0140,"ASC 830-30: When foreign currency is functional currency, use translation (current rate method). Monetary & nonmonetary assets at current rate.",Translation - use average rate for all assets; Remeasurement - use temporal method,"ASC 830-30-45-3, ASC 830-30-45-9"
BAR-MCQ-FORE-0141,"ASC 830-30: When foreign currency is functional currency, use translation (current rate method). Monetary & nonmonetary assets at current rate.",Remeasurement - use temporal method; No translation - functional currency = reporting currency,"ASC 830-30-45-3, ASC 830-30-45-9"
BAR-MCQ-FORE-0142,"ASC 830-30: When foreign currency is functional currency, use translation (current rate method). Monetary & nonmonetary assets at current rate.",Remeasurement - use temporal method; No translation - functional currency = reporting currency,"ASC 830-30-45-3, ASC 830-30-45-9"
BAR-MCQ-FORE-0143,"ASC 830-30: When foreign currency is functional currency, use translation (current rate method). Monetary & nonmonetary assets at current rate.",Translation - use average rate for all assets; Remeasurement - use temporal method,"ASC 830-30-45-3, ASC 830-30-45-9"
BAR-MCQ-FORE-0144,"ASC 830-30: When foreign currency is functional currency, use translation (current rate method). Monetary & nonmonetary assets at current rate.",Translation - use average rate for all assets; No translation - functional currency = reporting currency,"ASC 830-30-45-3, ASC 830-30-45-9"
BAR-MCQ-FORE-0145,"ASC 830-30: When foreign currency is functional currency, use translation (current rate method). Monetary & nonmonetary assets at current rate.",Remeasurement - use temporal method; No translation - functional currency = reporting currency,"ASC 830-30-45-3, ASC 830-30-45-9"
BAR-MCQ-FORE-0146,"ASC 830-30: When foreign currency is functional currency, use translation (current rate method). Monetary & nonmonetary assets at current rate.",No translation - functional currency = reporting currency; Translation - use average rate for all assets,"ASC 830-30-45-3, ASC 830-30-45-9"
BAR-MCQ-FORE-0147,"ASC 830-30: When foreign currency is functional currency, use translation (current rate method). Monetary & nonmonetary assets at current rate.",Remeasurement - use temporal method; No translation - functional currency = reporting currency,"ASC 830-30-45-3, ASC 830-30-45-9"
BAR-MCQ-FORE-0148,"ASC 830-30: When foreign currency is functional currency, use translation (current rate method). Monetary & nonmonetary assets at current rate.",Translation - use average rate for all assets; Remeasurement - use temporal method,"ASC 830-30-45-3, ASC 830-30-45-9"
BAR-MCQ-FORE-0149,"ASC 830-30: When foreign currency is functional currency, use translation (current rate method). Monetary & nonmonetary assets at current rate.",Translation - use average rate for all assets; Remeasurement - use temporal method,"ASC 830-30-45-3, ASC 830-30-45-9"
BAR-MCQ-FORE-0150,"ASC 830-30: When foreign currency is functional currency, use translation (current rate method). Monetary & nonmonetary assets at current rate.",No translation - functional currency = reporting currency; Remeasurement - use temporal method,"ASC 830-30-45-3, ASC 830-30-45-9"
BAR-MCQ-FORE-0151,"ASC 830-30: When foreign currency is functional currency, use translation (current rate method). Monetary & nonmonetary assets at current rate.",No translation - functional currency = reporting currency; Remeasurement - use temporal method,"ASC 830-30-45-3, ASC 830-30-45-9"
BAR-MCQ-FORE-0152,"ASC 830-30: When foreign currency is functional currency, use translation (current rate method). Monetary & nonmonetary assets at current rate.",No translation - functional currency = reporting currency; Translation - use average rate for all assets,"ASC 830-30-45-3, ASC 830-30-45-9"
BAR-MCQ-FORE-0153,"ASC 830-30: When foreign currency is functional currency, use translation (current rate method). Monetary & nonmonetary assets at current rate.",Remeasurement - use temporal method; Translation - use average rate for all assets,"ASC 830-30-45-3, ASC 830-30-45-9"
BAR-MCQ-FORE-0154,"ASC 830-30: When foreign currency is functional currency, use translation (current rate method). Monetary & nonmonetary assets at current rate.",Remeasurement - use temporal method; No translation - functional currency = reporting currency,"ASC 830-30-45-3, ASC 830-30-45-9"
BAR-MCQ-FORE-0155,"ASC 830-30: When foreign currency is functional currency, use translation (current rate method). Monetary & nonmonetary assets at current rate.",No translation - functional currency = reporting currency; Translation - use average rate for all assets,"ASC 830-30-45-3, ASC 830-30-45-9"
BAR-MCQ-FORE-0156,"ASC 830-30: When foreign currency is functional currency, use translation (current rate method). Monetary & nonmonetary assets at current rate.",No translation - functional currency = reporting currency; Translation - use average rate for all assets,"ASC 830-30-45-3, ASC 830-30-45-9"
BAR-MCQ-FORE-0157,"ASC 830-30: When foreign currency is functional currency, use translation (current rate method). Monetary & nonmonetary assets at current rate.",Remeasurement - use temporal method; Translation - use average rate for all assets,"ASC 830-30-45-3, ASC 830-30-45-9"
BAR-MCQ-FORE-0158,"ASC 830-30: When foreign currency is functional currency, use translation (current rate method). Monetary & nonmonetary assets at current rate.",Remeasurement - use temporal method; Translation - use average rate for all assets,"ASC 830-30-45-3, ASC 830-30-45-9"
BAR-MCQ-FORE-0159,"ASC 830-30: When foreign currency is functional currency, use translation (current rate method). Monetary & nonmonetary assets at current rate.",Translation - use average rate for all assets; No translation - functional currency = reporting currency,"ASC 830-30-45-3, ASC 830-30-45-9"
BAR-MCQ-FORE-0160,"ASC 830-30: When foreign currency is functional currency, use translation (current rate method). Monetary & nonmonetary assets at current rate.",No translation - functional currency = reporting currency; Translation - use average rate for all assets,"ASC 830-30-45-3, ASC 830-30-45-9"
BAR-MCQ-FORE-0161,"ASC 830-30: When foreign currency is functional currency, use translation (current rate method). Monetary & nonmonetary assets at current rate.",No translation - functional currency = reporting currency; Remeasurement - use temporal method,"ASC 830-30-45-3, ASC 830-30-45-9"
BAR-MCQ-FORE-0162,"ASC 830-30: When foreign currency is functional currency, use translation (current rate method). Monetary & nonmonetary assets at current rate.",Remeasurement - use temporal method; Translation - use average rate for all assets,"ASC 830-30-45-3, ASC 830-30-45-9"
BAR-MCQ-FORE-0163,"ASC 830-30: When foreign currency is functional currency, use translation (current rate method). Monetary & nonmonetary assets at current rate.",Remeasurement - use temporal method; No translation - functional currency = reporting currency,"ASC 830-30-45-3, ASC 830-30-45-9"
BAR-MCQ-FORE-0164,"ASC 830-30: When foreign currency is functional currency, use translation (current rate method). Monetary & nonmonetary assets at current rate.",No translation - functional currency = reporting currency; Remeasurement - use temporal method,"ASC 830-30-45-3, ASC 830-30-45-9"
BAR-MCQ-FORE-0165,"ASC 830-30: When foreign currency is functional currency, use translation (current rate method). Monetary & nonmonetary assets at current rate.",No translation - functional currency = reporting currency; Remeasurement - use temporal method,"ASC 830-30-45-3, ASC 830-30-45-9"
BAR-MCQ-FORE-0166,"ASC 830-30: When foreign currency is functional currency, use translation (current rate method). Monetary & nonmonetary assets at current rate.",Translation - use average rate for all assets; No translation - functional currency = reporting currency,"ASC 830-30-45-3, ASC 830-30-45-9"
BAR-MCQ-FORE-0167,"ASC 830-30: When foreign currency is functional currency, use translation (current rate method). Monetary & nonmonetary assets at current rate.",Remeasurement - use temporal method; Translation - use average rate for all assets,"ASC 830-30-45-3, ASC 830-30-45-9"
BAR-MCQ-FORE-0168,"ASC 830-30: When foreign currency is functional currency, use translation (current rate method). Monetary & nonmonetary assets at current rate.",No translation - functional currency = reporting currency; Translation - use average rate for all assets,"ASC 830-30-45-3, ASC 830-30-45-9"
BAR-MCQ-FORE-0169,"ASC 830-30: When foreign currency is functional currency, use translation (current rate method). Monetary & nonmonetary assets at current rate.",No translation - functional currency = reporting currency; Translation - use average rate for all assets,"ASC 830-30-45-3, ASC 830-30-45-9"
BAR-MCQ-FORE-0170,"ASC 830-30: When foreign currency is functional currency, use translation (current rate method). Monetary & nonmonetary assets at current rate.",No translation - functional currency = reporting currency; Translation - use average rate for all assets,"ASC 830-30-45-3, ASC 830-30-45-9"
BAR-MCQ-FORE-0171,"ASC 830-30: When foreign currency is functional currency, use translation (current rate method). Monetary & nonmonetary assets at current rate.",Translation - use average rate for all assets; No translation - functional currency = reporting currency,"ASC 830-30-45-3, ASC 830-30-45-9"
BAR-MCQ-FORE-0172,"ASC 830-30: When foreign currency is functional currency, use translation (current rate method). Monetary & nonmonetary assets at current rate.",Translation - use average rate for all assets; Remeasurement - use temporal method,"ASC 830-30-45-3, ASC 830-30-45-9"
BAR-MCQ-FORE-0173,"ASC 830-30: When foreign currency is functional currency, use translation (current rate method). Monetary & nonmonetary assets at current rate.",Remeasurement - use temporal method; No translation - functional currency = reporting currency,"ASC 830-30-45-3, ASC 830-30-45-9"
BAR-MCQ-FORE-0174,"ASC 830-30: When foreign currency is functional currency, use translation (current rate method). Monetary & nonmonetary assets at current rate.",No translation - functional currency = reporting currency; Translation - use average rate for all assets,"ASC 830-30-45-3, ASC 830-30-45-9"
BAR-MCQ-FORE-0175,"ASC 830-30: When foreign currency is functional currency, use translation (current rate method). Monetary & nonmonetary assets at current rate.",Remeasurement - use temporal method; Translation - use average rate for all assets,"ASC 830-30-45-3, ASC 830-30-45-9"
BAR-MCQ-FORE-0176,"ASC 830-30: When foreign currency is functional currency, use translation (current rate method). Monetary & nonmonetary assets at current rate.",Remeasurement - use temporal method; No translation - functional currency = reporting currency,"ASC 830-30-45-3, ASC 830-30-45-9"
BAR-MCQ-FORE-0177,"ASC 830-30: When foreign currency is functional currency, use translation (current rate method). Monetary & nonmonetary assets at current rate.",Remeasurement - use temporal method; Translation - use average rate for all assets,"ASC 830-30-45-3, ASC 830-30-45-9"
BAR-MCQ-FORE-0178,"ASC 830-30: When foreign currency is functional currency, use translation (current rate method). Monetary & nonmonetary assets at current rate.",Translation - use average rate for all assets; Remeasurement - use temporal method,"ASC 830-30-45-3, ASC 830-30-45-9"
BAR-MCQ-FORE-0179,"ASC 830-30: When foreign currency is functional currency, use translation (current rate method). Monetary & nonmonetary assets at current rate.",No translation - functional currency = reporting currency; Remeasurement - use temporal method,"ASC 830-30-45-3, ASC 830-30-45-9"
BAR-MCQ-FORE-0180,"ASC 830-30: When foreign currency is functional currency, use translation (current rate method). Monetary & nonmonetary assets at current rate.",No translation - functional currency = reporting currency; Remeasurement - use temporal method,"ASC 830-30-45-3, ASC 830-30-45-9"
BAR-MCQ-FORE-0181,"ASC 830-30: When foreign currency is functional currency, use translation (current rate method). Monetary & nonmonetary assets at current rate.",Translation - use average rate for all assets; No translation - functional currency = reporting currency,"ASC 830-30-45-3, ASC 830-30-45-9"
BAR-MCQ-FORE-0182,"ASC 830-30: When foreign currency is functional currency, use translation (current rate method). Monetary & nonmonetary assets at current rate.",No translation - functional currency = reporting currency; Remeasurement - use temporal method,"ASC 830-30-45-3, ASC 830-30-45-9"
BAR-MCQ-FORE-0183,"ASC 830-30: When foreign currency is functional currency, use translation (current rate method). Monetary & nonmonetary assets at current rate.",Remeasurement - use temporal method; Translation - use average rate for all assets,"ASC 830-30-45-3, ASC 830-30-45-9"
BAR-MCQ-FORE-0184,"ASC 830-30: When foreign currency is functional currency, use translation (current rate method). Monetary & nonmonetary assets at current rate.",Translation - use average rate for all assets; Remeasurement - use temporal method,"ASC 830-30-45-3, ASC 830-30-45-9"
BAR-MCQ-FORE-0185,"ASC 830-30: When foreign currency is functional currency, use translation (current rate method). Monetary & nonmonetary assets at current rate.",Remeasurement - use temporal method; No translation - functional currency = reporting currency,"ASC 830-30-45-3, ASC 830-30-45-9"
BAR-MCQ-FORE-0186,"ASC 830-30: When foreign currency is functional currency, use translation (current rate method). Monetary & nonmonetary assets at current rate.",Remeasurement - use temporal method; Translation - use average rate for all assets,"ASC 830-30-45-3, ASC 830-30-45-9"
BAR-MCQ-FORE-0187,"ASC 830-30: When foreign currency is functional currency, use translation (current rate method). Monetary & nonmonetary assets at current rate.",No translation - functional currency = reporting currency; Remeasurement - use temporal method,"ASC 830-30-45-3, ASC 830-30-45-9"
BAR-MCQ-FORE-0188,"ASC 830-30: When foreign currency is functional currency, use translation (current rate method). Monetary & nonmonetary assets at current rate.",Translation - use average rate for all assets; No translation - functional currency = reporting currency,"ASC 830-30-45-3, ASC 830-30-45-9"
BAR-MCQ-FORE-0189,"ASC 830-30: When foreign currency is functional currency, use translation (current rate method). Monetary & nonmonetary assets at current rate.",Remeasurement - use temporal method; No translation - functional currency = reporting currency,"ASC 830-30-45-3, ASC 830-30-45-9"
BAR-MCQ-FORE-0190,"ASC 830-30: When foreign currency is functional currency, use translation (current rate method). Monetary & nonmonetary assets at current rate.",Translation - use average rate for all assets; No translation - functional currency = reporting currency,"ASC 830-30-45-3, ASC 830-30-45-9"
BAR-MCQ-FORE-0191,"ASC 830-30: When foreign currency is functional currency, use translation (current rate method). Monetary & nonmonetary assets at current rate.",Translation - use average rate for all assets; No translation - functional currency = reporting currency,"ASC 830-30-45-3, ASC 830-30-45-9"
BAR-MCQ-FORE-0192,"ASC 830-30: When foreign currency is functional currency, use translation (current rate method). Monetary & nonmonetary assets at current rate.",Translation - use average rate for all assets; Remeasurement - use temporal method,"ASC 830-30-45-3, ASC 830-30-45-9"
BAR-MCQ-FORE-0193,"ASC 830-30: When foreign currency is functional currency, use translation (current rate method). Monetary & nonmonetary assets at current rate.",Translation - use average rate for all assets; No translation - functional currency = reporting currency,"ASC 830-30-45-3, ASC 830-30-45-9"
BAR-MCQ-FORE-0194,"ASC 830-30: When foreign currency is functional currency, use translation (current rate method). Monetary & nonmonetary assets at current rate.",Translation - use average rate for all assets; No translation - functional currency = reporting currency,"ASC 830-30-45-3, ASC 830-30-45-9"
BAR-MCQ-FORE-0195,"ASC 830-30: When foreign currency is functional currency, use translation (current rate method). Monetary & nonmonetary assets at current rate.",No translation - functional currency = reporting currency; Remeasurement - use temporal method,"ASC 830-30-45-3, ASC 830-30-45-9"
BAR-MCQ-FORE-0196,"ASC 830-30: When foreign currency is functional currency, use translation (current rate method). Monetary & nonmonetary assets at current rate.",Translation - use average rate for all assets; Remeasurement - use temporal method,"ASC 830-30-45-3, ASC 830-30-45-9"
BAR-MCQ-FORE-0197,"ASC 830-30: When foreign currency is functional currency, use translation (current rate method). Monetary & nonmonetary assets at current rate.",Remeasurement - use temporal method; No translation - functional currency = reporting currency,"ASC 830-30-45-3, ASC 830-30-45-9"
BAR-MCQ-FORE-0198,"ASC 830-30: When foreign currency is functional currency, use translation (current rate method). Monetary & nonmonetary assets at current rate.",Remeasurement - use temporal method; No translation - functional currency = reporting currency,"ASC 830-30-45-3, ASC 830-30-45-9"
BAR-MCQ-FORE-0199,"ASC 830-30: When foreign currency is functional currency, use translation (current rate method). Monetary & nonmonetary assets at current rate.",Translation - use average rate for all assets; Remeasurement - use temporal method,"ASC 830-30-45-3, ASC 830-30-45-9"
BAR-MCQ-FORE-0200,"ASC 830-30: When foreign currency is functional currency, use translation (current rate method). Monetary & nonmonetary assets at current rate.",Remeasurement - use temporal method; No translation - functional currency = reporting currency,"ASC 830-30-45-3, ASC 830-30-45-9"
BAR-MCQ-FORE-0201,"ASC 830-30: When foreign currency is functional currency, use translation (current rate method). Monetary & nonmonetary assets at current rate.",Remeasurement - use temporal method; No translation - functional currency = reporting currency,"ASC 830-30-45-3, ASC 830-30-45-9"
BAR-MCQ-FORE-0202,"ASC 830-30: When foreign currency is functional currency, use translation (current rate method). Monetary & nonmonetary assets at current rate.",Translation - use average rate for all assets; Remeasurement - use temporal method,"ASC 830-30-45-3, ASC 830-30-45-9"
BAR-MCQ-FORE-0203,"ASC 830-30: When foreign currency is functional currency, use translation (current rate method). Monetary & nonmonetary assets at current rate.",Remeasurement - use temporal method; No translation - functional currency = reporting currency,"ASC 830-30-45-3, ASC 830-30-45-9"
BAR-MCQ-FORE-0204,"ASC 830-30: When foreign currency is functional currency, use translation (current rate method). Monetary & nonmonetary assets at current rate.",Remeasurement - use temporal method; No translation - functional currency = reporting currency,"ASC 830-30-45-3, ASC 830-30-45-9"
BAR-MCQ-FORE-0205,"ASC 830-30: When foreign currency is functional currency, use translation (current rate method). Monetary & nonmonetary assets at current rate.",No translation - functional currency = reporting currency; Remeasurement - use temporal method,"ASC 830-30-45-3, ASC 830-30-45-9"
BAR-MCQ-FORE-0206,"ASC 830-30: When foreign currency is functional currency, use translation (current rate method). Monetary & nonmonetary assets at current rate.",Translation - use average rate for all assets; Remeasurement - use temporal method,"ASC 830-30-45-3, ASC 830-30-45-9"
BAR-MCQ-FORE-0207,"ASC 830-30: When foreign currency is functional currency, use translation (current rate method). Monetary & nonmonetary assets at current rate.",Remeasurement - use temporal method; Translation - use average rate for all assets,"ASC 830-30-45-3, ASC 830-30-45-9"
BAR-MCQ-FORE-0208,"ASC 830-30: When foreign currency is functional currency, use translation (current rate method). Monetary & nonmonetary assets at current rate.",Translation - use average rate for all assets; Remeasurement - use temporal method,"ASC 830-30-45-3, ASC 830-30-45-9"
BAR-MCQ-FORE-0209,"ASC 830-30: When foreign currency is functional currency, use translation (current rate method). Monetary & nonmonetary assets at current rate.",No translation - functional currency = reporting currency; Translation - use average rate for all assets,"ASC 830-30-45-3, ASC 830-30-45-9"
BAR-MCQ-FORE-0210,"ASC 830-30: When foreign currency is functional currency, use translation (current rate method). Monetary & nonmonetary assets at current rate.",Remeasurement - use temporal method; Translation - use average rate for all assets,"ASC 830-30-45-3, ASC 830-30-45-9"
BAR-MCQ-FORE-0211,"ASC 830-30: When foreign currency is functional currency, use translation (current rate method). Monetary & nonmonetary assets at current rate.",Translation - use average rate for all assets; Remeasurement - use temporal method,"ASC 830-30-45-3, ASC 830-30-45-9"
BAR-MCQ-FORE-0212,"ASC 830-30: When foreign currency is functional currency, use translation (current rate method). Monetary & nonmonetary assets at current rate.",Remeasurement - use temporal method; No translation - functional currency = reporting currency,"ASC 830-30-45-3, ASC 830-30-45-9"
BAR-MCQ-FORE-0213,"ASC 830-30: When foreign currency is functional currency, use translation (current rate method). Monetary & nonmonetary assets at current rate.",Translation - use average rate for all assets; No translation - functional currency = reporting currency,"ASC 830-30-45-3, ASC 830-30-45-9"
BAR-MCQ-FORE-0214,"ASC 830-30: When foreign currency is functional currency, use translation (current rate method). Monetary & nonmonetary assets at current rate.",No translation - functional currency = reporting currency; Remeasurement - use temporal method,"ASC 830-30-45-3, ASC 830-30-45-9"
BAR-MCQ-FORE-0215,"ASC 830-30: When foreign currency is functional currency, use translation (current rate method). Monetary & nonmonetary assets at current rate.",Translation - use average rate for all assets; No translation - functional currency = reporting currency,"ASC 830-30-45-3, ASC 830-30-45-9"
BAR-MCQ-FORE-0216,"ASC 830-30: When foreign currency is functional currency, use translation (current rate method). Monetary & nonmonetary assets at current rate.",No translation - functional currency = reporting currency; Translation - use average rate for all assets,"ASC 830-30-45-3, ASC 830-30-45-9"
BAR-MCQ-FORE-0217,"ASC 830-30: When foreign currency is functional currency, use translation (current rate method). Monetary & nonmonetary assets at current rate.",No translation - functional currency = reporting currency; Translation - use average rate for all assets,"ASC 830-30-45-3, ASC 830-30-45-9"
BAR-MCQ-FORE-0218,"ASC 830-30: When foreign currency is functional currency, use translation (current rate method). Monetary & nonmonetary assets at current rate.",No translation - functional currency = reporting currency; Remeasurement - use temporal method,"ASC 830-30-45-3, ASC 830-30-45-9"
BAR-MCQ-FORE-0219,"ASC 830-30: When foreign currency is functional currency, use translation (current rate method). Monetary & nonmonetary assets at current rate.",No translation - functional currency = reporting currency; Remeasurement - use temporal method,"ASC 830-30-45-3, ASC 830-30-45-9"
BAR-MCQ-FORE-0220,"ASC 830-30: When foreign currency is functional currency, use translation (current rate method). Monetary & nonmonetary assets at current rate.",Remeasurement - use temporal method; No translation - functional currency = reporting currency,"ASC 830-30-45-3, ASC 830-30-45-9"
BAR-MCQ-FORE-0221,"ASC 830-30: When foreign currency is functional currency, use translation (current rate method). Monetary & nonmonetary assets at current rate.",No translation - functional currency = reporting currency; Remeasurement - use temporal method,"ASC 830-30-45-3, ASC 830-30-45-9"
BAR-MCQ-FORE-0222,"ASC 830-30: When foreign currency is functional currency, use translation (current rate method). Monetary & nonmonetary assets at current rate.",No translation - functional currency = reporting currency; Remeasurement - use temporal method,"ASC 830-30-45-3, ASC 830-30-45-9"
BAR-MCQ-FORE-0223,"ASC 830-30: When foreign currency is functional currency, use translation (current rate method). Monetary & nonmonetary assets at current rate.",Remeasurement - use temporal method; Translation - use average rate for all assets,"ASC 830-30-45-3, ASC 830-30-45-9"
BAR-MCQ-FORE-0224,"ASC 830-30: When foreign currency is functional currency, use translation (current rate method). Monetary & nonmonetary assets at current rate.",Remeasurement - use temporal method; No translation - functional currency = reporting currency,"ASC 830-30-45-3, ASC 830-30-45-9"
BAR-MCQ-FORE-0225,"ASC 830-30: When foreign currency is functional currency, use translation (current rate method). Monetary & nonmonetary assets at current rate.",No translation - functional currency = reporting currency; Remeasurement - use temporal method,"ASC 830-30-45-3, ASC 830-30-45-9"
BAR-MCQ-FORE-0226,"ASC 830-30: When foreign currency is functional currency, use translation (current rate method). Monetary & nonmonetary assets at current rate.",Remeasurement - use temporal method; Translation - use average rate for all assets,"ASC 830-30-45-3, ASC 830-30-45-9"
BAR-MCQ-FORE-0227,"ASC 830-30: When foreign currency is functional currency, use translation (current rate method). Monetary & nonmonetary assets at current rate.",Translation - use average rate for all assets; Remeasurement - use temporal method,"ASC 830-30-45-3, ASC 830-30-45-9"
BAR-MCQ-FORE-0228,"ASC 830-30: When foreign currency is functional currency, use translation (current rate method). Monetary & nonmonetary assets at current rate.",Translation - use average rate for all assets; Remeasurement - use temporal method,"ASC 830-30-45-3, ASC 830-30-45-9"
BAR-MCQ-FORE-0229,"ASC 830-30: When foreign currency is functional currency, use translation (current rate method). Monetary & nonmonetary assets at current rate.",No translation - functional currency = reporting currency; Translation - use average rate for all assets,"ASC 830-30-45-3, ASC 830-30-45-9"
BAR-MCQ-FORE-0230,"ASC 830-30: When foreign currency is functional currency, use translation (current rate method). Monetary & nonmonetary assets at current rate.",Remeasurement - use temporal method; No translation - functional currency = reporting currency,"ASC 830-30-45-3, ASC 830-30-45-9"
BAR-MCQ-FORE-0231,"ASC 830-30: When foreign currency is functional currency, use translation (current rate method). Monetary & nonmonetary assets at current rate.",Remeasurement - use temporal method; Translation - use average rate for all assets,"ASC 830-30-45-3, ASC 830-30-45-9"
BAR-MCQ-FORE-0232,"ASC 830-30: When foreign currency is functional currency, use translation (current rate method). Monetary & nonmonetary assets at current rate.",Remeasurement - use temporal method; No translation - functional currency = reporting currency,"ASC 830-30-45-3, ASC 830-30-45-9"
BAR-MCQ-FINA-0233,Quick ratio = (Current assets - Inventory) / Current liabilities. Measures immediate liquidity without inventory liquidation.,{(ca - inv/2) / cl}; {current_ratio},Financial Analysis Standard
BAR-MCQ-FINA-0234,Quick ratio = (Current assets - Inventory) / Current liabilities. Measures immediate liquidity without inventory liquidation.,{ca / cl}; {current_ratio},Financial Analysis Standard
BAR-MCQ-FINA-0235,Quick ratio = (Current assets - Inventory) / Current liabilities. Measures immediate liquidity without inventory liquidation.,{current_ratio}; {(ca - inv/2) / cl},Financial Analysis Standard
BAR-MCQ-FINA-0236,Quick ratio = (Current assets - Inventory) / Current liabilities. Measures immediate liquidity without inventory liquidation.,{ca / cl}; {current_ratio},Financial Analysis Standard
BAR-MCQ-FINA-0237,Quick ratio = (Current assets - Inventory) / Current liabilities. Measures immediate liquidity without inventory liquidation.,{ca / cl}; {current_ratio},Financial Analysis Standard
BAR-MCQ-FINA-0238,Quick ratio = (Current assets - Inventory) / Current liabilities. Measures immediate liquidity without inventory liquidation.,{(ca - inv/2) / cl}; {current_ratio},Financial Analysis Standard
BAR-MCQ-FINA-0239,Quick ratio = (Current assets - Inventory) / Current liabilities. Measures immediate liquidity without inventory liquidation.,{(ca - inv/2) / cl}; {ca / cl},Financial Analysis Standard
BAR-MCQ-FINA-0240,Quick ratio = (Current assets - Inventory) / Current liabilities. Measures immediate liquidity without inventory liquidation.,{(ca - inv/2) / cl}; {current_ratio},Financial Analysis Standard
BAR-MCQ-FINA-0241,Quick ratio = (Current assets - Inventory) / Current liabilities. Measures immediate liquidity without inventory liquidation.,{ca / cl}; {current_ratio},Financial Analysis Standard
BAR-MCQ-FINA-0242,Quick ratio = (Current assets - Inventory) / Current liabilities. Measures immediate liquidity without inventory liquidation.,{current_ratio}; {(ca - inv/2) / cl},Financial Analysis Standard
BAR-MCQ-FINA-0243,Quick ratio = (Current assets - Inventory) / Current liabilities. Measures immediate liquidity without inventory liquidation.,{(ca - inv/2) / cl}; {ca / cl},Financial Analysis Standard
BAR-MCQ-FINA-0244,Quick ratio = (Current assets - Inventory) / Current liabilities. Measures immediate liquidity without inventory liquidation.,{current_ratio}; {(ca - inv/2) / cl},Financial Analysis Standard
BAR-MCQ-FINA-0245,Quick ratio = (Current assets - Inventory) / Current liabilities. Measures immediate liquidity without inventory liquidation.,{current_ratio}; {(ca - inv/2) / cl},Financial Analysis Standard
BAR-MCQ-FINA-0246,Quick ratio = (Current assets - Inventory) / Current liabilities. Measures immediate liquidity without inventory liquidation.,{ca / cl}; {(ca - inv/2) / cl},Financial Analysis Standard
BAR-MCQ-FINA-0247,Quick ratio = (Current assets - Inventory) / Current liabilities. Measures immediate liquidity without inventory liquidation.,{current_ratio}; {(ca - inv/2) / cl},Financial Analysis Standard
BAR-MCQ-FINA-0248,Quick ratio = (Current assets - Inventory) / Current liabilities. Measures immediate liquidity without inventory liquidation.,{current_ratio}; {ca / cl},Financial Analysis Standard
BAR-MCQ-FINA-0249,Quick ratio = (Current assets - Inventory) / Current liabilities. Measures immediate liquidity without inventory liquidation.,{current_ratio}; {ca / cl},Financial Analysis Standard
BAR-MCQ-FINA-0250,Quick ratio = (Current assets - Inventory) / Current liabilities. Measures immediate liquidity without inventory liquidation.,{current_ratio}; {(ca - inv/2) / cl},Financial Analysis Standard
BAR-MCQ-FINA-0251,Quick ratio = (Current assets - Inventory) / Current liabilities. Measures immediate liquidity without inventory liquidation.,{ca / cl}; {current_ratio},Financial Analysis Standard
BAR-MCQ-FINA-0252,Quick ratio = (Current assets - Inventory) / Current liabilities. Measures immediate liquidity without inventory liquidation.,{current_ratio}; {ca / cl},Financial Analysis Standard
BAR-MCQ-FINA-0253,Quick ratio = (Current assets - Inventory) / Current liabilities. Measures immediate liquidity without inventory liquidation.,{ca / cl}; {(ca - inv/2) / cl},Financial Analysis Standard
BAR-MCQ-FINA-0254,Quick ratio = (Current assets - Inventory) / Current liabilities. Measures immediate liquidity without inventory liquidation.,{(ca - inv/2) / cl}; {current_ratio},Financial Analysis Standard
BAR-MCQ-FINA-0255,Quick ratio = (Current assets - Inventory) / Current liabilities. Measures immediate liquidity without inventory liquidation.,{ca / cl}; {(ca - inv/2) / cl},Financial Analysis Standard
BAR-MCQ-FINA-0256,Quick ratio = (Current assets - Inventory) / Current liabilities. Measures immediate liquidity without inventory liquidation.,{(ca - inv/2) / cl}; {current_ratio},Financial Analysis Standard
BAR-MCQ-FINA-0257,Quick ratio = (Current assets - Inventory) / Current liabilities. Measures immediate liquidity without inventory liquidation.,{ca / cl}; {current_ratio},Financial Analysis Standard
BAR-MCQ-FINA-0258,Quick ratio = (Current assets - Inventory) / Current liabilities. Measures immediate liquidity without inventory liquidation.,{(ca - inv/2) / cl}; {ca / cl},Financial Analysis Standard
BAR-MCQ-FINA-0259,Quick ratio = (Current assets - Inventory) / Current liabilities. Measures immediate liquidity without inventory liquidation.,{current_ratio}; {(ca - inv/2) / cl},Financial Analysis Standard
BAR-MCQ-FINA-0260,Quick ratio = (Current assets - Inventory) / Current liabilities. Measures immediate liquidity without inventory liquidation.,{current_ratio}; {ca / cl},Financial Analysis Standard
BAR-MCQ-FINA-0261,Quick ratio = (Current assets - Inventory) / Current liabilities. Measures immediate liquidity without inventory liquidation.,{current_ratio}; {(ca - inv/2) / cl},Financial Analysis Standard
BAR-MCQ-FINA-0262,Quick ratio = (Current assets - Inventory) / Current liabilities. Measures immediate liquidity without inventory liquidation.,{ca / cl}; {(ca - inv/2) / cl},Financial Analysis Standard
BAR-MCQ-FINA-0263,Quick ratio = (Current assets - Inventory) / Current liabilities. Measures immediate liquidity without inventory liquidation.,{ca / cl}; {current_ratio},Financial Analysis Standard
BAR-MCQ-FINA-0264,Quick ratio = (Current assets - Inventory) / Current liabilities. Measures immediate liquidity without inventory liquidation.,{(ca - inv/2) / cl}; {current_ratio},Financial Analysis Standard
BAR-MCQ-FINA-0265,Quick ratio = (Current assets - Inventory) / Current liabilities. Measures immediate liquidity without inventory liquidation.,{ca / cl}; {(ca - inv/2) / cl},Financial Analysis Standard
BAR-MCQ-FINA-0266,Quick ratio = (Current assets - Inventory) / Current liabilities. Measures immediate liquidity without inventory liquidation.,{(ca - inv/2) / cl}; {ca / cl},Financial Analysis Standard
BAR-MCQ-FINA-0267,Quick ratio = (Current assets - Inventory) / Current liabilities. Measures immediate liquidity without inventory liquidation.,{(ca - inv/2) / cl}; {current_ratio},Financial Analysis Standard
BAR-MCQ-FINA-0268,Quick ratio = (Current assets - Inventory) / Current liabilities. Measures immediate liquidity without inventory liquidation.,{current_ratio}; {ca / cl},Financial Analysis Standard
BAR-MCQ-FINA-0269,Quick ratio = (Current assets - Inventory) / Current liabilities. Measures immediate liquidity without inventory liquidation.,{ca / cl}; {current_ratio},Financial Analysis Standard
BAR-MCQ-FINA-0270,Quick ratio = (Current assets - Inventory) / Current liabilities. Measures immediate liquidity without inventory liquidation.,{ca / cl}; {current_ratio},Financial Analysis Standard
BAR-MCQ-FINA-0271,Quick ratio = (Current assets - Inventory) / Current liabilities. Measures immediate liquidity without inventory liquidation.,{ca / cl}; {current_ratio},Financial Analysis Standard
BAR-MCQ-FINA-0272,Quick ratio = (Current assets - Inventory) / Current liabilities. Measures immediate liquidity without inventory liquidation.,{(ca - inv/2) / cl}; {current_ratio},Financial Analysis Standard
BAR-MCQ-FINA-0273,Quick ratio = (Current assets - Inventory) / Current liabilities. Measures immediate liquidity without inventory liquidation.,{current_ratio}; {(ca - inv/2) / cl},Financial Analysis Standard
BAR-MCQ-FINA-0274,Quick ratio = (Current assets - Inventory) / Current liabilities. Measures immediate liquidity without inventory liquidation.,{current_ratio}; {(ca - inv/2) / cl},Financial Analysis Standard
BAR-MCQ-FINA-0275,Quick ratio = (Current assets - Inventory) / Current liabilities. Measures immediate liquidity without inventory liquidation.,{ca / cl}; {(ca - inv/2) / cl},Financial Analysis Standard
BAR-MCQ-FINA-0276,Quick ratio = (Current assets - Inventory) / Current liabilities. Measures immediate liquidity without inventory liquidation.,{current_ratio}; {(ca - inv/2) / cl},Financial Analysis Standard
BAR-MCQ-FINA-0277,Quick ratio = (Current assets - Inventory) / Current liabilities. Measures immediate liquidity without inventory liquidation.,{current_ratio}; {(ca - inv/2) / cl},Financial Analysis Standard
BAR-MCQ-FINA-0278,Quick ratio = (Current assets - Inventory) / Current liabilities. Measures immediate liquidity without inventory liquidation.,{ca / cl}; {current_ratio},Financial Analysis Standard
BAR-MCQ-FINA-0279,Quick ratio = (Current assets - Inventory) / Current liabilities. Measures immediate liquidity without inventory liquidation.,{(ca - inv/2) / cl}; {current_ratio},Financial Analysis Standard
BAR-MCQ-FINA-0280,Quick ratio = (Current assets - Inventory) / Current liabilities. Measures immediate liquidity without inventory liquidation.,{ca / cl}; {current_ratio},Financial Analysis Standard
BAR-MCQ-FINA-0281,Quick ratio = (Current assets - Inventory) / Current liabilities. Measures immediate liquidity without inventory liquidation.,{(ca - inv/2) / cl}; {current_ratio},Financial Analysis Standard
BAR-MCQ-FINA-0282,Quick ratio = (Current assets - Inventory) / Current liabilities. Measures immediate liquidity without inventory liquidation.,{ca / cl}; {current_ratio},Financial Analysis Standard
BAR-MCQ-FINA-0283,Quick ratio = (Current assets - Inventory) / Current liabilities. Measures immediate liquidity without inventory liquidation.,{ca / cl}; {(ca - inv/2) / cl},Financial Analysis Standard
BAR-MCQ-FINA-0284,Quick ratio = (Current assets - Inventory) / Current liabilities. Measures immediate liquidity without inventory liquidation.,{current_ratio}; {ca / cl},Financial Analysis Standard
BAR-MCQ-FINA-0285,Quick ratio = (Current assets - Inventory) / Current liabilities. Measures immediate liquidity without inventory liquidation.,{ca / cl}; {current_ratio},Financial Analysis Standard
BAR-MCQ-FINA-0286,Quick ratio = (Current assets - Inventory) / Current liabilities. Measures immediate liquidity without inventory liquidation.,{(ca - inv/2) / cl}; {current_ratio},Financial Analysis Standard
BAR-MCQ-FINA-0287,Quick ratio = (Current assets - Inventory) / Current liabilities. Measures immediate liquidity without inventory liquidation.,{(ca - inv/2) / cl}; {current_ratio},Financial Analysis Standard
BAR-MCQ-FINA-0288,Quick ratio = (Current assets - Inventory) / Current liabilities. Measures immediate liquidity without inventory liquidation.,{ca / cl}; {current_ratio},Financial Analysis Standard
BAR-MCQ-FINA-0289,Quick ratio = (Current assets - Inventory) / Current liabilities. Measures immediate liquidity without inventory liquidation.,{(ca - inv/2) / cl}; {current_ratio},Financial Analysis Standard
BAR-MCQ-FINA-0290,Quick ratio = (Current assets - Inventory) / Current liabilities. Measures immediate liquidity without inventory liquidation.,{ca / cl}; {current_ratio},Financial Analysis Standard
BAR-MCQ-FINA-0291,Quick ratio = (Current assets - Inventory) / Current liabilities. Measures immediate liquidity without inventory liquidation.,{current_ratio}; {(ca - inv/2) / cl},Financial Analysis Standard
BAR-MCQ-FINA-0292,Quick ratio = (Current assets - Inventory) / Current liabilities. Measures immediate liquidity without inventory liquidation.,{current_ratio}; {ca / cl},Financial Analysis Standard
BAR-MCQ-FINA-0293,Quick ratio = (Current assets - Inventory) / Current liabilities. Measures immediate liquidity without inventory liquidation.,{current_ratio}; {ca / cl},Financial Analysis Standard
BAR-MCQ-FINA-0294,Quick ratio = (Current assets - Inventory) / Current liabilities. Measures immediate liquidity without inventory liquidation.,{(ca - inv/2) / cl}; {ca / cl},Financial Analysis Standard
BAR-MCQ-FINA-0295,Quick ratio = (Current assets - Inventory) / Current liabilities. Measures immediate liquidity without inventory liquidation.,{ca / cl}; {(ca - inv/2) / cl},Financial Analysis Standard
BAR-MCQ-FINA-0296,Quick ratio = (Current assets - Inventory) / Current liabilities. Measures immediate liquidity without inventory liquidation.,{ca / cl}; {(ca - inv/2) / cl},Financial Analysis Standard
BAR-MCQ-FINA-0297,Quick ratio = (Current assets - Inventory) / Current liabilities. Measures immediate liquidity without inventory liquidation.,{(ca - inv/2) / cl}; {ca / cl},Financial Analysis Standard
BAR-MCQ-FINA-0298,Quick ratio = (Current assets - Inventory) / Current liabilities. Measures immediate liquidity without inventory liquidation.,{(ca - inv/2) / cl}; {current_ratio},Financial Analysis Standard
BAR-MCQ-FINA-0299,Quick ratio = (Current assets - Inventory) / Current liabilities. Measures immediate liquidity without inventory liquidation.,{current_ratio}; {(ca - inv/2) / cl},Financial Analysis Standard
BAR-MCQ-FINA-0300,Quick ratio = (Current assets - Inventory) / Current liabilities. Measures immediate liquidity without inventory liquidation.,{(ca - inv/2) / cl}; {ca / cl},Financial Analysis Standard
BAR-MCQ-FINA-0301,Quick ratio = (Current assets - Inventory) / Current liabilities. Measures immediate liquidity without inventory liquidation.,{(ca - inv/2) / cl}; {current_ratio},Financial Analysis Standard
BAR-MCQ-FINA-0302,Quick ratio = (Current assets - Inventory) / Current liabilities. Measures immediate liquidity without inventory liquidation.,{ca / cl}; {current_ratio},Financial Analysis Standard
BAR-MCQ-FINA-0303,Quick ratio = (Current assets - Inventory) / Current liabilities. Measures immediate liquidity without inventory liquidation.,{current_ratio}; {ca / cl},Financial Analysis Standard
BAR-MCQ-FINA-0304,Quick ratio = (Current assets - Inventory) / Current liabilities. Measures immediate liquidity without inventory liquidation.,{current_ratio}; {ca / cl},Financial Analysis Standard
BAR-MCQ-FINA-0305,Quick ratio = (Current assets - Inventory) / Current liabilities. Measures immediate liquidity without inventory liquidation.,{ca / cl}; {(ca - inv/2) / cl},Financial Analysis Standard
BAR-MCQ-FINA-0306,Quick ratio = (Current assets - Inventory) / Current liabilities. Measures immediate liquidity without inventory liquidation.,{ca / cl}; {(ca - inv/2) / cl},Financial Analysis Standard
BAR-MCQ-FINA-0307,Quick ratio = (Current assets - Inventory) / Current liabilities. Measures immediate liquidity without inventory liquidation.,{ca / cl}; {(ca - inv/2) / cl},Financial Analysis Standard
BAR-MCQ-FINA-0308,Quick ratio = (Current assets - Inventory) / Current liabilities. Measures immediate liquidity without inventory liquidation.,{(ca - inv/2) / cl}; {ca / cl},Financial Analysis Standard
BAR-MCQ-FINA-0309,Quick ratio = (Current assets - Inventory) / Current liabilities. Measures immediate liquidity without inventory liquidation.,{current_ratio}; {ca / cl},Financial Analysis Standard
BAR-MCQ-FINA-0310,Quick ratio = (Current assets - Inventory) / Current liabilities. Measures immediate liquidity without inventory liquidation.,{current_ratio}; {(ca - inv/2) / cl},Financial Analysis Standard
BAR-MCQ-FINA-0311,Quick ratio = (Current assets - Inventory) / Current liabilities. Measures immediate liquidity without inventory liquidation.,{ca / cl}; {current_ratio},Financial Analysis Standard
BAR-MCQ-FINA-0312,Quick ratio = (Current assets - Inventory) / Current liabilities. Measures immediate liquidity without inventory liquidation.,{(ca - inv/2) / cl}; {ca / cl},Financial Analysis Standard
BAR-MCQ-FINA-0313,Quick ratio = (Current assets - Inventory) / Current liabilities. Measures immediate liquidity without inventory liquidation.,{(ca - inv/2) / cl}; {ca / cl},Financial Analysis Standard
BAR-MCQ-FINA-0314,Quick ratio = (Current assets - Inventory) / Current liabilities. Measures immediate liquidity without inventory liquidation.,{ca / cl}; {current_ratio},Financial Analysis Standard
BAR-MCQ-FINA-0315,Quick ratio = (Current assets - Inventory) / Current liabilities. Measures immediate liquidity without inventory liquidation.,{(ca - inv/2) / cl}; {current_ratio},Financial Analysis Standard
BAR-MCQ-FINA-0316,Quick ratio = (Current assets - Inventory) / Current liabilities. Measures immediate liquidity without inventory liquidation.,{current_ratio}; {ca / cl},Financial Analysis Standard
BAR-MCQ-FINA-0317,Quick ratio = (Current assets - Inventory) / Current liabilities. Measures immediate liquidity without inventory liquidation.,{ca / cl}; {current_ratio},Financial Analysis Standard
BAR-MCQ-FINA-0318,Quick ratio = (Current assets - Inventory) / Current liabilities. Measures immediate liquidity without inventory liquidation.,{(ca - inv/2) / cl}; {ca / cl},Financial Analysis Standard
BAR-MCQ-FINA-0319,Quick ratio = (Current assets - Inventory) / Current liabilities. Measures immediate liquidity without inventory liquidation.,{(ca - inv/2) / cl}; {current_ratio},Financial Analysis Standard
BAR-MCQ-FINA-0320,Quick ratio = (Current assets - Inventory) / Current liabilities. Measures immediate liquidity without inventory liquidation.,{ca / cl}; {(ca - inv/2) / cl},Financial Analysis Standard
BAR-MCQ-FINA-0321,Quick ratio = (Current assets - Inventory) / Current liabilities. Measures immediate liquidity without inventory liquidation.,{(ca - inv/2) / cl}; {current_ratio},Financial Analysis Standard
BAR-MCQ-FINA-0322,Quick ratio = (Current assets - Inventory) / Current liabilities. Measures immediate liquidity without inventory liquidation.,{current_ratio}; {ca / cl},Financial Analysis Standard
BAR-MCQ-FINA-0323,Quick ratio = (Current assets - Inventory) / Current liabilities. Measures immediate liquidity without inventory liquidation.,{current_ratio}; {(ca - inv/2) / cl},Financial Analysis Standard
BAR-MCQ-FINA-0324,Quick ratio = (Current assets - Inventory) / Current liabilities. Measures immediate liquidity without inventory liquidation.,{ca / cl}; {(ca - inv/2) / cl},Financial Analysis Standard
BAR-MCQ-FINA-0325,Quick ratio = (Current assets - Inventory) / Current liabilities. Measures immediate liquidity without inventory liquidation.,{(ca - inv/2) / cl}; {current_ratio},Financial Analysis Standard
BAR-MCQ-FINA-0326,Quick ratio = (Current assets - Inventory) / Current liabilities. Measures immediate liquidity without inventory liquidation.,{(ca - inv/2) / cl}; {current_ratio},Financial Analysis Standard
BAR-MCQ-FINA-0327,Quick ratio = (Current assets - Inventory) / Current liabilities. Measures immediate liquidity without inventory liquidation.,{(ca - inv/2) / cl}; {current_ratio},Financial Analysis Standard
BAR-MCQ-FINA-0328,Quick ratio = (Current assets - Inventory) / Current liabilities. Measures immediate liquidity without inventory liquidation.,{(ca - inv/2) / cl}; {current_ratio},Financial Analysis Standard
BAR-MCQ-FINA-0329,Quick ratio = (Current assets - Inventory) / Current liabilities. Measures immediate liquidity without inventory liquidation.,{(ca - inv/2) / cl}; {current_ratio},Financial Analysis Standard
BAR-MCQ-FINA-0330,Quick ratio = (Current assets - Inventory) / Current liabilities. Measures immediate liquidity without inventory liquidation.,{current_ratio}; {ca / cl},Financial Analysis Standard
BAR-MCQ-FINA-0331,Quick ratio = (Current assets - Inventory) / Current liabilities. Measures immediate liquidity without inventory liquidation.,{current_ratio}; {(ca - inv/2) / cl},Financial Analysis Standard
BAR-MCQ-FINA-0332,Quick ratio = (Current assets - Inventory) / Current liabilities. Measures immediate liquidity without inventory liquidation.,{current_ratio}; {(ca - inv/2) / cl},Financial Analysis Standard
BAR-MCQ-FINA-0333,Quick ratio = (Current assets - Inventory) / Current liabilities. Measures immediate liquidity without inventory liquidation.,{ca / cl}; {(ca - inv/2) / cl},Financial Analysis Standard
BAR-MCQ-FINA-0334,Quick ratio = (Current assets - Inventory) / Current liabilities. Measures immediate liquidity without inventory liquidation.,{current_ratio}; {(ca - inv/2) / cl},Financial Analysis Standard
BAR-MCQ-FINA-0335,Quick ratio = (Current assets - Inventory) / Current liabilities. Measures immediate liquidity without inventory liquidation.,{(ca - inv/2) / cl}; {ca / cl},Financial Analysis Standard
BAR-MCQ-FINA-0336,Quick ratio = (Current assets - Inventory) / Current liabilities. Measures immediate liquidity without inventory liquidation.,{ca / cl}; {current_ratio},Financial Analysis Standard
BAR-MCQ-FINA-0337,Quick ratio = (Current assets - Inventory) / Current liabilities. Measures immediate liquidity without inventory liquidation.,{ca / cl}; {(ca - inv/2) / cl},Financial Analysis Standard
BAR-MCQ-FINA-0338,Quick ratio = (Current assets - Inventory) / Current liabilities. Measures immediate liquidity without inventory liquidation.,{(ca - inv/2) / cl}; {ca / cl},Financial Analysis Standard
BAR-MCQ-FINA-0339,Quick ratio = (Current assets - Inventory) / Current liabilities. Measures immediate liquidity without inventory liquidation.,{ca / cl}; {current_ratio},Financial Analysis Standard
BAR-MCQ-FINA-0340,Quick ratio = (Current assets - Inventory) / Current liabilities. Measures immediate liquidity without inventory liquidation.,{(ca - inv/2) / cl}; {ca / cl},Financial Analysis Standard
BAR-MCQ-FINA-0341,Quick ratio = (Current assets - Inventory) / Current liabilities. Measures immediate liquidity without inventory liquidation.,{ca / cl}; {current_ratio},Financial Analysis Standard
BAR-MCQ-FINA-0342,Quick ratio = (Current assets - Inventory) / Current liabilities. Measures immediate liquidity without inventory liquidation.,{current_ratio}; {(ca - inv/2) / cl},Financial Analysis Standard
BAR-MCQ-FINA-0343,Quick ratio = (Current assets - Inventory) / Current liabilities. Measures immediate liquidity without inventory liquidation.,{current_ratio}; {ca / cl},Financial Analysis Standard
BAR-MCQ-FINA-0344,Quick ratio = (Current assets - Inventory) / Current liabilities. Measures immediate liquidity without inventory liquidation.,{ca / cl}; {current_ratio},Financial Analysis Standard
BAR-MCQ-FINA-0345,Quick ratio = (Current assets - Inventory) / Current liabilities. Measures immediate liquidity without inventory liquidation.,{ca / cl}; {(ca - inv/2) / cl},Financial Analysis Standard
BAR-MCQ-FINA-0346,Quick ratio = (Current assets - Inventory) / Current liabilities. Measures immediate liquidity without inventory liquidation.,{current_ratio}; {(ca - inv/2) / cl},Financial Analysis Standard
BAR-MCQ-FINA-0347,Quick ratio = (Current assets - Inventory) / Current liabilities. Measures immediate liquidity without inventory liquidation.,{ca / cl}; {current_ratio},Financial Analysis Standard
BAR-MCQ-FINA-0348,Quick ratio = (Current assets - Inventory) / Current liabilities. Measures immediate liquidity without inventory liquidation.,{(ca - inv/2) / cl}; {current_ratio},Financial Analysis Standard
